Package;Complexity;Number of statements;Number of classes;Number of abstract classes;Number of interfaces;Number of enums;Number of types;Number of methods;Average complexity by class;Average complexity by method;Project;Path
org.hibernate.cfg;2122;1446;45;4;7;3;59;747;35,97;2,84;;C:\workspace\java\hibernate-orm\hibernate-core\src\main\java\org\hibernate\cfg
org.hibernate.cfg.annotations;1316;668;27;2;0;1;30;322;43,87;4,09;;C:\workspace\java\hibernate-orm\hibernate-core\src\main\java\org\hibernate\cfg\annotations
org.hibernate.persister.entity;1288;1128;12;2;13;0;27;797;47,7;1,62;;C:\workspace\java\hibernate-orm\hibernate-core\src\main\java\org\hibernate\persister\entity
org.hibernate.hql.internal.ast.tree;1241;1146;60;7;17;2;86;694;14,43;1,79;;C:\workspace\java\hibernate-orm\hibernate-core\src\main\java\org\hibernate\hql\internal\ast\tree
org.hibernate.boot.model.source.internal.hbm;1178;1740;88;9;8;1;106;1076;11,11;1,09;;C:\workspace\java\hibernate-orm\hibernate-core\src\main\java\org\hibernate\boot\model\source\internal\hbm
org.hibernate.engine.internal;1140;833;31;1;3;3;38;411;30,0;2,77;;C:\workspace\java\hibernate-orm\hibernate-core\src\main\java\org\hibernate\engine\internal
org.hibernate.internal;1007;1857;40;4;5;1;50;1409;20,14;0,71;;C:\workspace\java\hibernate-orm\hibernate-core\src\main\java\org\hibernate\internal
org.hibernate.cfg.annotations.reflection;880;283;6;0;1;1;8;162;110,0;5,43;;C:\workspace\java\hibernate-orm\hibernate-core\src\main\java\org\hibernate\cfg\annotations\reflection
org.hibernate.event.internal;838;517;37;7;0;1;45;255;18,62;3,29;;C:\workspace\java\hibernate-orm\hibernate-core\src\main\java\org\hibernate\event\internal
org.hibernate.mapping;727;1353;44;6;12;1;63;1161;11,54;0,63;;C:\workspace\java\hibernate-orm\hibernate-core\src\main\java\org\hibernate\mapping
org.hibernate.type.descriptor.java;706;914;62;2;4;0;68;373;10,38;1,89;;C:\workspace\java\hibernate-orm\hibernate-core\src\main\java\org\hibernate\type\descriptor\java
org.hibernate.type;665;1228;92;5;14;1;112;1033;5,94;0,64;;C:\workspace\java\hibernate-orm\hibernate-core\src\main\java\org\hibernate\type
org.hibernate.hql.internal.classic;647;388;17;1;1;1;20;206;32,35;3,14;;C:\workspace\java\hibernate-orm\hibernate-core\src\main\java\org\hibernate\hql\internal\classic
org.hibernate.internal.util.collections;627;703;44;2;4;4;54;424;11,61;1,48;;C:\workspace\java\hibernate-orm\hibernate-core\src\main\java\org\hibernate\internal\util\collections
org.hibernate.engine.spi;610;1165;32;7;29;4;72;1161;8,47;0,53;;C:\workspace\java\hibernate-orm\hibernate-core\src\main\java\org\hibernate\engine\spi
org.hibernate.loader;608;432;9;4;4;1;18;285;33,78;2,13;;C:\workspace\java\hibernate-orm\hibernate-core\src\main\java\org\hibernate\loader
org.hibernate.persister.collection;569;363;9;1;3;0;13;277;43,77;2,05;;C:\workspace\java\hibernate-orm\hibernate-core\src\main\java\org\hibernate\persister\collection
org.hibernate.sql;528;512;28;2;2;1;33;258;16,0;2,05;;C:\workspace\java\hibernate-orm\hibernate-core\src\main\java\org\hibernate\sql
org.hibernate.dialect;520;4036;90;3;3;2;98;1296;5,31;0,4;;C:\workspace\java\hibernate-orm\hibernate-core\src\main\java\org\hibernate\dialect
org.hibernate.tool.schema.internal;512;253;27;2;0;0;29;149;17,66;3,44;;C:\workspace\java\hibernate-orm\hibernate-core\src\main\java\org\hibernate\tool\schema\internal
org.hibernate.boot.internal;496;1043;19;0;0;0;19;593;26,11;0,84;;C:\workspace\java\hibernate-orm\hibernate-core\src\main\java\org\hibernate\boot\internal
org.hibernate.collection.internal;495;740;31;4;3;0;38;508;13,03;0,97;;C:\workspace\java\hibernate-orm\hibernate-core\src\main\java\org\hibernate\collection\internal
org.hibernate.hql.internal.ast;447;418;22;0;5;0;27;262;16,56;1,71;;C:\workspace\java\hibernate-orm\hibernate-core\src\main\java\org\hibernate\hql\internal\ast
org.hibernate.internal.util;402;288;14;0;2;0;16;156;25,12;2,58;;C:\workspace\java\hibernate-orm\hibernate-core\src\main\java\org\hibernate\internal\util
org.hibernate.query.internal;387;720;12;2;1;0;15;377;25,8;1,03;;C:\workspace\java\hibernate-orm\hibernate-core\src\main\java\org\hibernate\query\internal
org.hibernate.bytecode.enhance.internal.bytebuddy;375;290;44;2;0;0;46;154;8,15;2,44;;C:\workspace\java\hibernate-orm\hibernate-core\src\main\java\org\hibernate\bytecode\enhance\internal\bytebuddy
org.hibernate.envers.configuration.internal.metadata;363;282;13;1;0;1;15;132;24,2;2,75;;C:\workspace\java\hibernate-orm\hibernate-envers\src\main\java\org\hibernate\envers\configuration\internal\metadata
org.hibernate.metamodel.internal;348;181;5;1;6;3;15;118;23,2;2,95;;C:\workspace\java\hibernate-orm\hibernate-core\src\main\java\org\hibernate\metamodel\internal
org.hibernate.tuple.entity;346;390;21;2;2;0;25;254;13,84;1,36;;C:\workspace\java\hibernate-orm\hibernate-core\src\main\java\org\hibernate\tuple\entity
org.hibernate.bytecode.enhance.internal.javassist;332;193;15;1;0;0;16;114;20,75;2,91;;C:\workspace\java\hibernate-orm\hibernate-core\src\main\java\org\hibernate\bytecode\enhance\internal\javassist
org.hibernate.hql.internal.ast.util;311;252;17;1;4;1;23;137;13,52;2,27;;C:\workspace\java\hibernate-orm\hibernate-core\src\main\java\org\hibernate\hql\internal\ast\util
org.hibernate.action.internal;294;293;19;3;0;0;22;144;13,36;2,04;;C:\workspace\java\hibernate-orm\hibernate-core\src\main\java\org\hibernate\action\internal
org.hibernate.jpa.boot.internal;263;204;10;0;0;0;10;123;26,3;2,14;;C:\workspace\java\hibernate-orm\hibernate-core\src\main\java\org\hibernate\jpa\boot\internal
org.hibernate.tool.hbm2ddl;262;285;26;0;3;5;34;171;7,71;1,53;;C:\workspace\java\hibernate-orm\hibernate-core\src\main\java\org\hibernate\tool\hbm2ddl
org.hibernate.engine.query.spi;261;194;18;1;2;0;21;110;12,43;2,37;;C:\workspace\java\hibernate-orm\hibernate-core\src\main\java\org\hibernate\engine\query\spi
org.hibernate.query.criteria.internal;247;501;24;3;15;0;42;378;5,88;0,65;;C:\workspace\java\hibernate-orm\hibernate-core\src\main\java\org\hibernate\query\criteria\internal
org.hibernate.loader.plan.exec.internal;245;241;15;4;1;0;20;163;12,25;1,5;;C:\workspace\java\hibernate-orm\hibernate-core\src\main\java\org\hibernate\loader\plan\exec\internal
org.hibernate.engine.jdbc.internal;233;242;12;2;1;1;16;125;14,56;1,86;;C:\workspace\java\hibernate-orm\hibernate-core\src\main\java\org\hibernate\engine\jdbc\internal
org.hibernate.loader.criteria;225;159;6;0;1;0;7;98;32,14;2,3;;C:\workspace\java\hibernate-orm\hibernate-core\src\main\java\org\hibernate\loader\criteria
org.hibernate.cache.internal;219;240;17;0;0;0;17;175;12,88;1,25;;C:\workspace\java\hibernate-orm\hibernate-core\src\main\java\org\hibernate\cache\internal
org.hibernate.criterion;209;559;44;3;7;2;56;472;3,73;0,44;;C:\workspace\java\hibernate-orm\hibernate-core\src\main\java\org\hibernate\criterion
org.hibernate.loader.entity;208;210;15;3;1;1;20;90;10,4;2,31;;C:\workspace\java\hibernate-orm\hibernate-core\src\main\java\org\hibernate\loader\entity
org.hibernate.cfg.beanvalidation;196;85;7;0;1;2;10;51;19,6;3,84;;C:\workspace\java\hibernate-orm\hibernate-core\src\main\java\org\hibernate\cfg\beanvalidation
org.hibernate.tool.schema.extract.internal;195;251;28;0;1;0;29;185;6,72;1,05;;C:\workspace\java\hibernate-orm\hibernate-core\src\main\java\org\hibernate\tool\schema\extract\internal
org.hibernate.dialect.pagination;194;138;13;1;1;0;15;111;12,93;1,75;;C:\workspace\java\hibernate-orm\hibernate-core\src\main\java\org\hibernate\dialect\pagination
org.hibernate.envers.internal.entities.mapper.relation;193;150;13;3;0;0;16;96;12,06;2,01;;C:\workspace\java\hibernate-orm\hibernate-envers\src\main\java\org\hibernate\envers\internal\entities\mapper\relation
org.hibernate.loader.plan.exec.process.internal;190;148;8;1;0;0;9;63;21,11;3,02;;C:\workspace\java\hibernate-orm\hibernate-core\src\main\java\org\hibernate\loader\plan\exec\process\internal
org.hibernate.envers.configuration.internal.metadata.reader;188;178;10;0;2;0;12;126;15,67;1,49;;C:\workspace\java\hibernate-orm\hibernate-envers\src\main\java\org\hibernate\envers\configuration\internal\metadata\reader
org.hibernate.engine.jdbc.connections.internal;187;171;12;1;1;0;14;86;13,36;2,17;;C:\workspace\java\hibernate-orm\hibernate-core\src\main\java\org\hibernate\engine\jdbc\connections\internal
org.hibernate.jpa.internal.util;186;114;15;1;1;0;17;63;10,94;2,95;;C:\workspace\java\hibernate-orm\hibernate-core\src\main\java\org\hibernate\jpa\internal\util
org.hibernate.jpamodelgen.xml;184;155;5;1;0;0;6;69;30,67;2,67;;C:\workspace\java\hibernate-orm\tooling\metamodel-generator\src\main\java\org\hibernate\jpamodelgen\xml
org.hibernate.id.enhanced;180;209;16;1;4;1;22;148;8,18;1,22;;C:\workspace\java\hibernate-orm\hibernate-core\src\main\java\org\hibernate\id\enhanced
org.hibernate.jpa.event.internal;177;69;8;1;1;0;10;54;17,7;3,28;;C:\workspace\java\hibernate-orm\hibernate-core\src\main\java\org\hibernate\jpa\event\internal
org.hibernate.loader.custom.sql;174;98;8;0;2;0;10;75;17,4;2,32;;C:\workspace\java\hibernate-orm\hibernate-core\src\main\java\org\hibernate\loader\custom\sql
org.hibernate.id;152;354;26;2;12;2;42;231;3,62;0,66;;C:\workspace\java\hibernate-orm\hibernate-core\src\main\java\org\hibernate\id
org.hibernate.loader.plan.build.internal;151;180;6;2;0;0;8;92;18,88;1,64;;C:\workspace\java\hibernate-orm\hibernate-core\src\main\java\org\hibernate\loader\plan\build\internal
org.hibernate.dialect.function;146;179;27;2;3;0;32;132;4,56;1,11;;C:\workspace\java\hibernate-orm\hibernate-core\src\main\java\org\hibernate\dialect\function
org.hibernate.boot.archive.internal;143;57;9;0;0;0;9;32;15,89;4,47;;C:\workspace\java\hibernate-orm\hibernate-core\src\main\java\org\hibernate\boot\archive\internal
org.hibernate.bytecode.internal.javassist;142;103;10;1;0;0;11;60;12,91;2,37;;C:\workspace\java\hibernate-orm\hibernate-core\src\main\java\org\hibernate\bytecode\internal\javassist
org.hibernate.envers.configuration.internal;140;145;7;0;1;0;8;70;17,5;2,0;;C:\workspace\java\hibernate-orm\hibernate-envers\src\main\java\org\hibernate\envers\configuration\internal
org.hibernate.query.criteria.internal.path;137;354;21;4;1;0;26;257;5,27;0,53;;C:\workspace\java\hibernate-orm\hibernate-core\src\main\java\org\hibernate\query\criteria\internal\path
org.hibernate.metamodel.model.domain.internal;136;280;16;5;0;0;21;171;6,48;0,8;;C:\workspace\java\hibernate-orm\hibernate-core\src\main\java\org\hibernate\metamodel\model\domain\internal
org.hibernate.jpamodelgen;135;121;7;0;0;0;7;70;19,29;1,93;;C:\workspace\java\hibernate-orm\tooling\metamodel-generator\src\main\java\org\hibernate\jpamodelgen
org.hibernate.query.procedure.internal;134;85;3;0;0;0;3;50;44,67;2,68;;C:\workspace\java\hibernate-orm\hibernate-core\src\main\java\org\hibernate\query\procedure\internal
org.hibernate.jpamodelgen.util;110;96;6;0;0;1;7;49;15,71;2,24;;C:\workspace\java\hibernate-orm\tooling\metamodel-generator\src\main\java\org\hibernate\jpamodelgen\util
org.hibernate.boot.jaxb.internal.stax;110;104;10;2;0;1;13;67;8,46;1,64;;C:\workspace\java\hibernate-orm\hibernate-core\src\main\java\org\hibernate\boot\jaxb\internal\stax
org.hibernate.engine.loading.internal;109;74;4;0;0;0;4;34;27,25;3,21;;C:\workspace\java\hibernate-orm\hibernate-core\src\main\java\org\hibernate\engine\loading\internal
org.hibernate.stat.internal;109;397;12;1;0;0;13;210;8,38;0,52;;C:\workspace\java\hibernate-orm\hibernate-core\src\main\java\org\hibernate\stat\internal
org.hibernate.envers.internal.entities.mapper;106;99;6;1;6;0;13;78;8,15;1,36;;C:\workspace\java\hibernate-orm\hibernate-envers\src\main\java\org\hibernate\envers\internal\entities\mapper
org.hibernate.engine.jdbc.env.internal;101;246;18;0;1;0;19;111;5,32;0,91;;C:\workspace\java\hibernate-orm\hibernate-core\src\main\java\org\hibernate\engine\jdbc\env\internal
org.hibernate.procedure.internal;100;221;9;0;2;0;11;124;9,09;0,81;;C:\workspace\java\hibernate-orm\hibernate-core\src\main\java\org\hibernate\procedure\internal
org.hibernate.bytecode.enhance.spi.interceptor;100;121;5;2;3;1;11;88;9,09;1,14;;C:\workspace\java\hibernate-orm\hibernate-core\src\main\java\org\hibernate\bytecode\enhance\spi\interceptor
org.hibernate.loader.custom;97;144;14;2;3;0;19;91;5,11;1,07;;C:\workspace\java\hibernate-orm\hibernate-core\src\main\java\org\hibernate\loader\custom
org.hibernate.hql.spi.id.inline;94;71;12;4;0;0;16;52;5,88;1,81;;C:\workspace\java\hibernate-orm\hibernate-core\src\main\java\org\hibernate\hql\spi\id\inline
org.hibernate.boot.registry.classloading.internal;94;71;4;1;0;1;6;38;15,67;2,47;;C:\workspace\java\hibernate-orm\hibernate-core\src\main\java\org\hibernate\boot\registry\classloading\internal
org.hibernate.cache.ehcache.internal;94;55;5;0;2;0;7;45;13,43;2,09;;C:\workspace\java\hibernate-orm\hibernate-ehcache\src\main\java\org\hibernate\cache\ehcache\internal
org.hibernate.hql.spi.id;94;85;5;3;6;0;14;71;6,71;1,32;;C:\workspace\java\hibernate-orm\hibernate-core\src\main\java\org\hibernate\hql\spi\id
org.hibernate.resource.jdbc.internal;92;140;3;1;0;0;4;71;23,0;1,3;;C:\workspace\java\hibernate-orm\hibernate-core\src\main\java\org\hibernate\resource\jdbc\internal
org.hibernate.resource.transaction.backend.jta.internal;92;118;9;0;2;0;11;76;8,36;1,21;;C:\workspace\java\hibernate-orm\hibernate-core\src\main\java\org\hibernate\resource\transaction\backend\jta\internal
org.hibernate.type.descriptor.sql;91;212;29;5;1;1;36;152;2,53;0,6;;C:\workspace\java\hibernate-orm\hibernate-core\src\main\java\org\hibernate\type\descriptor\sql
org.hibernate.envers.event.spi;89;50;8;3;1;0;12;38;7,42;2,34;;C:\workspace\java\hibernate-orm\hibernate-envers\src\main\java\org\hibernate\envers\event\spi
org.hibernate.envers.internal.entities.mapper.id;86;92;5;2;2;0;9;70;9,56;1,23;;C:\workspace\java\hibernate-orm\hibernate-envers\src\main\java\org\hibernate\envers\internal\entities\mapper\id
org.hibernate.transform;85;93;11;2;2;0;15;65;5,67;1,31;;C:\workspace\java\hibernate-orm\hibernate-core\src\main\java\org\hibernate\transform
org.hibernate.jpamodelgen.annotation;84;87;6;1;0;0;7;49;12,0;1,71;;C:\workspace\java\hibernate-orm\tooling\metamodel-generator\src\main\java\org\hibernate\jpamodelgen\annotation
org.hibernate.engine.jdbc;82;155;15;1;11;1;28;135;2,93;0,61;;C:\workspace\java\hibernate-orm\hibernate-core\src\main\java\org\hibernate\engine\jdbc
org.hibernate.envers.query.internal.impl;82;162;4;1;1;0;6;66;13,67;1,24;;C:\workspace\java\hibernate-orm\hibernate-envers\src\main\java\org\hibernate\envers\query\internal\impl
org.hibernate.internal.util.xml;80;76;9;2;2;0;13;55;6,15;1,45;;C:\workspace\java\hibernate-orm\hibernate-core\src\main\java\org\hibernate\internal\util\xml
org.hibernate.cache.spi.support;79;276;21;9;4;1;35;227;2,26;0,35;;C:\workspace\java\hibernate-orm\hibernate-core\src\main\java\org\hibernate\cache\spi\support
org.hibernate.proxy;78;60;2;2;6;0;10;66;7,8;1,18;;C:\workspace\java\hibernate-orm\hibernate-core\src\main\java\org\hibernate\proxy
org.hibernate.envers.demo;77;100;3;0;0;0;3;42;25,67;1,83;;C:\workspace\java\hibernate-orm\hibernate-envers\src\demo\java\org\hibernate\envers\demo
org.hibernate.internal.util.config;76;55;2;0;0;0;2;24;38,0;3,17;;C:\workspace\java\hibernate-orm\hibernate-core\src\main\java\org\hibernate\internal\util\config
org.hibernate.loader.hql;75;71;1;0;0;0;1;37;75,0;2,03;;C:\workspace\java\hibernate-orm\hibernate-core\src\main\java\org\hibernate\loader\hql
org.hibernate.context.internal;71;57;6;0;0;0;6;44;11,83;1,61;;C:\workspace\java\hibernate-orm\hibernate-core\src\main\java\org\hibernate\context\internal
org.hibernate.osgi;71;103;11;0;0;0;11;43;6,45;1,65;;C:\workspace\java\hibernate-orm\hibernate-osgi\src\main\java\org\hibernate\osgi
org.hibernate.boot.model.relational;70;152;14;1;6;0;21;101;3,33;0,69;;C:\workspace\java\hibernate-orm\hibernate-core\src\main\java\org\hibernate\boot\model\relational
org.hibernate.query.criteria.internal.compile;70;262;3;0;5;0;8;138;8,75;0,51;;C:\workspace\java\hibernate-orm\hibernate-core\src\main\java\org\hibernate\query\criteria\internal\compile
org.hibernate.resource.transaction.backend.jdbc.internal;70;57;5;0;0;0;5;40;14,0;1,75;;C:\workspace\java\hibernate-orm\hibernate-core\src\main\java\org\hibernate\resource\transaction\backend\jdbc\internal
org.hibernate.service.internal;69;95;8;1;0;0;9;53;7,67;1,3;;C:\workspace\java\hibernate-orm\hibernate-core\src\main\java\org\hibernate\service\internal
org.hibernate.envers.internal.tools;68;84;3;7;0;0;10;56;6,8;1,21;;C:\workspace\java\hibernate-orm\hibernate-envers\src\main\java\org\hibernate\envers\internal\tools
org.hibernate.sql.ordering.antlr;68;64;12;0;8;0;20;48;3,4;1,42;;C:\workspace\java\hibernate-orm\hibernate-core\src\main\java\org\hibernate\sql\ordering\antlr
org.hibernate.dialect.lock;67;93;11;2;1;0;14;44;4,79;1,52;;C:\workspace\java\hibernate-orm\hibernate-core\src\main\java\org\hibernate\dialect\lock
org.hibernate.tuple.component;66;119;8;2;1;0;11;88;6,0;0,75;;C:\workspace\java\hibernate-orm\hibernate-core\src\main\java\org\hibernate\tuple\component
org.hibernate.cache.spi;65;96;4;2;16;0;22;131;2,95;0,5;;C:\workspace\java\hibernate-orm\hibernate-core\src\main\java\org\hibernate\cache\spi
org.hibernate.tool.schema.internal.exec;64;106;14;2;2;0;18;85;3,56;0,75;;C:\workspace\java\hibernate-orm\hibernate-core\src\main\java\org\hibernate\tool\schema\internal\exec
org.hibernate.hql.spi.id.cte;64;36;4;1;0;0;5;21;12,8;3,05;;C:\workspace\java\hibernate-orm\hibernate-core\src\main\java\org\hibernate\hql\spi\id\cte
org.hibernate.envers.internal.entities;63;142;7;0;0;1;8;82;7,88;0,77;;C:\workspace\java\hibernate-orm\hibernate-envers\src\main\java\org\hibernate\envers\internal\entities
org.hibernate.envers.internal.tools.query;63;155;6;1;0;0;7;61;9,0;1,03;;C:\workspace\java\hibernate-orm\hibernate-envers\src\main\java\org\hibernate\envers\internal\tools\query
org.hibernate.event.service.internal;63;120;4;0;0;0;4;51;15,75;1,24;;C:\workspace\java\hibernate-orm\hibernate-core\src\main\java\org\hibernate\event\service\internal
org.hibernate.engine.transaction.jta.platform.internal;62;123;26;1;3;1;31;107;2,0;0,58;;C:\workspace\java\hibernate-orm\hibernate-core\src\main\java\org\hibernate\engine\transaction\jta\platform\internal
org.hibernate.query.spi;62;41;2;0;9;0;11;114;5,64;0,54;;C:\workspace\java\hibernate-orm\hibernate-core\src\main\java\org\hibernate\query\spi
org.hibernate.engine.query.spi.sql;62;106;6;1;2;0;9;45;6,89;1,38;;C:\workspace\java\hibernate-orm\hibernate-core\src\main\java\org\hibernate\engine\query\spi\sql
org.hibernate.boot.cfgxml.spi;61;59;2;0;1;1;4;29;15,25;2,1;;C:\workspace\java\hibernate-orm\hibernate-core\src\main\java\org\hibernate\boot\cfgxml\spi
org.hibernate.bytecode.internal.bytebuddy;60;100;14;0;1;0;15;61;4,0;0,98;;C:\workspace\java\hibernate-orm\hibernate-core\src\main\java\org\hibernate\bytecode\internal\bytebuddy
org.jboss.as.jpa.hibernate5.management;60;246;7;1;0;0;8;55;7,5;1,09;;C:\workspace\java\hibernate-orm\hibernate-jipijapa\src\main\java\org\jboss\as\jpa\hibernate5\management
org.hibernate.query.criteria.internal.predicate;60;171;15;2;1;2;20;118;3,0;0,51;;C:\workspace\java\hibernate-orm\hibernate-core\src\main\java\org\hibernate\query\criteria\internal\predicate
org.hibernate.resource.beans.container.internal;59;107;17;1;1;0;19;64;3,11;0,92;;C:\workspace\java\hibernate-orm\hibernate-core\src\main\java\org\hibernate\resource\beans\container\internal
org.hibernate.boot.model.naming;58;97;9;1;22;1;33;128;1,76;0,45;;C:\workspace\java\hibernate-orm\hibernate-core\src\main\java\org\hibernate\boot\model\naming
org.hibernate.jpa.spi;58;68;8;0;11;0;19;77;3,05;0,75;;C:\workspace\java\hibernate-orm\hibernate-core\src\main\java\org\hibernate\jpa\spi
org.hibernate.spatial.dialect.oracle;58;189;18;0;0;0;18;94;3,22;0,62;;C:\workspace\java\hibernate-orm\hibernate-spatial\src\main\java\org\hibernate\spatial\dialect\oracle
org.hibernate.pretty;57;46;1;0;0;0;1;12;57,0;4,75;;C:\workspace\java\hibernate-orm\hibernate-core\src\main\java\org\hibernate\pretty
org.hibernate;57;341;44;0;35;12;91;798;0,63;0,07;;C:\workspace\java\hibernate-orm\hibernate-core\src\main\java\org\hibernate
org.hibernate.graph;57;71;5;0;5;1;11;85;5,18;0,67;;C:\workspace\java\hibernate-orm\hibernate-core\src\main\java\org\hibernate\graph
org.hibernate.envers.internal.synchronization.work;55;152;8;1;3;0;12;100;4,58;0,55;;C:\workspace\java\hibernate-orm\hibernate-envers\src\main\java\org\hibernate\envers\internal\synchronization\work
org.hibernate.loader.collection;55;120;14;3;1;0;18;54;3,06;1,02;;C:\workspace\java\hibernate-orm\hibernate-core\src\main\java\org\hibernate\loader\collection
org.hibernate.engine.transaction.internal;55;41;3;0;0;0;3;21;18,33;2,62;;C:\workspace\java\hibernate-orm\hibernate-core\src\main\java\org\hibernate\engine\transaction\internal
org.hibernate.boot.jaxb.internal;54;65;8;1;0;0;9;43;6,0;1,26;;C:\workspace\java\hibernate-orm\hibernate-core\src\main\java\org\hibernate\boot\jaxb\internal
org.hibernate.graph.internal;54;106;3;2;0;0;5;62;10,8;0,87;;C:\workspace\java\hibernate-orm\hibernate-core\src\main\java\org\hibernate\graph\internal
org.hibernate.boot.model.process.internal;53;25;2;0;0;0;2;16;26,5;3,31;;C:\workspace\java\hibernate-orm\hibernate-core\src\main\java\org\hibernate\boot\model\process\internal
org.hibernate.orm.tooling.maven;52;18;1;0;0;0;1;7;52,0;7,43;;C:\workspace\java\hibernate-orm\tooling\hibernate-enhance-maven-plugin\src\main\java\org\hibernate\orm\tooling\maven
org.hibernate.hql.internal;50;46;7;0;0;0;7;37;7,14;1,35;;C:\workspace\java\hibernate-orm\hibernate-core\src\main\java\org\hibernate\hql\internal
org.hibernate.engine.jdbc.cursor.internal;48;14;2;0;0;0;2;11;24,0;4,36;;C:\workspace\java\hibernate-orm\hibernate-core\src\main\java\org\hibernate\engine\jdbc\cursor\internal
org.hibernate.engine.jndi.internal;47;14;2;0;0;0;2;12;23,5;3,92;;C:\workspace\java\hibernate-orm\hibernate-core\src\main\java\org\hibernate\engine\jndi\internal
org.hibernate.envers.query.criteria.internal;47;76;13;2;0;0;15;35;3,13;1,34;;C:\workspace\java\hibernate-orm\hibernate-envers\src\main\java\org\hibernate\envers\query\criteria\internal
org.hibernate.proxy.pojo.javassist;46;45;3;0;0;0;3;26;15,33;1,77;;C:\workspace\java\hibernate-orm\hibernate-core\src\main\java\org\hibernate\proxy\pojo\javassist
org.hibernate.tuple;45;145;12;2;11;2;27;138;1,67;0,33;;C:\workspace\java\hibernate-orm\hibernate-core\src\main\java\org\hibernate\tuple
org.hibernate.query.criteria.internal.expression;45;237;19;4;2;3;28;162;1,61;0,28;;C:\workspace\java\hibernate-orm\hibernate-core\src\main\java\org\hibernate\query\criteria\internal\expression
org.hibernate.property.access.spi;44;87;14;0;5;1;20;70;2,2;0,63;;C:\workspace\java\hibernate-orm\hibernate-core\src\main\java\org\hibernate\property\access\spi
org.hibernate.engine.jdbc.batch.internal;44;68;5;1;1;0;7;42;6,29;1,05;;C:\workspace\java\hibernate-orm\hibernate-core\src\main\java\org\hibernate\engine\jdbc\batch\internal
org.hibernate.engine.jdbc.spi;43;77;5;1;11;2;19;104;2,26;0,41;;C:\workspace\java\hibernate-orm\hibernate-core\src\main\java\org\hibernate\engine\jdbc\spi
org.hibernate.boot.model.convert.internal;43;49;5;1;0;1;7;32;6,14;1,34;;C:\workspace\java\hibernate-orm\hibernate-core\src\main\java\org\hibernate\boot\model\convert\internal
org.hibernate.spatial.dialect.hana;42;161;6;0;0;1;7;37;6,0;1,14;;C:\workspace\java\hibernate-orm\hibernate-spatial\src\main\java\org\hibernate\spatial\dialect\hana
org.hibernate.persister.walking.internal;40;39;6;0;0;0;6;33;6,67;1,21;;C:\workspace\java\hibernate-orm\hibernate-core\src\main\java\org\hibernate\persister\walking\internal
org.hibernate.loader.entity.plan;40;75;4;3;0;0;7;37;5,71;1,08;;C:\workspace\java\hibernate-orm\hibernate-core\src\main\java\org\hibernate\loader\entity\plan
org.hibernate.event.spi;39;338;32;3;37;0;72;285;0,54;0,14;;C:\workspace\java\hibernate-orm\hibernate-core\src\main\java\org\hibernate\event\spi
org.hibernate.jmx.internal;38;17;3;0;0;0;3;10;12,67;3,8;;C:\workspace\java\hibernate-orm\hibernate-core\src\main\java\org\hibernate\jmx\internal
org.hibernate.loader.plan.build.internal.spaces;38;102;8;2;0;0;10;70;3,8;0,54;;C:\workspace\java\hibernate-orm\hibernate-core\src\main\java\org\hibernate\loader\plan\build\internal\spaces
org.hibernate.exception.internal;37;20;5;0;0;0;5;15;7,4;2,47;;C:\workspace\java\hibernate-orm\hibernate-core\src\main\java\org\hibernate\exception\internal
org.hibernate.persister.walking.spi;37;40;3;0;15;1;19;86;1,95;0,43;;C:\workspace\java\hibernate-orm\hibernate-core\src\main\java\org\hibernate\persister\walking\spi
org.hibernate.boot.model.source.internal.annotations;37;25;2;0;0;0;2;23;18,5;1,61;;C:\workspace\java\hibernate-orm\hibernate-core\src\main\java\org\hibernate\boot\model\source\internal\annotations
org.jboss.as.jpa.hibernate5;37;53;8;0;1;0;9;35;4,11;1,06;;C:\workspace\java\hibernate-orm\hibernate-jipijapa\src\main\java\org\jboss\as\jpa\hibernate5
org.hibernate.envers.internal.synchronization;37;31;4;0;0;0;4;13;9,25;2,85;;C:\workspace\java\hibernate-orm\hibernate-envers\src\main\java\org\hibernate\envers\internal\synchronization
org.hibernate.hql.internal.ast.exec;35;18;4;0;1;0;5;14;7,0;2,5;;C:\workspace\java\hibernate-orm\hibernate-core\src\main\java\org\hibernate\hql\internal\ast\exec
org.hibernate.property.access.internal;35;133;31;1;0;0;32;112;1,09;0,31;;C:\workspace\java\hibernate-orm\hibernate-core\src\main\java\org\hibernate\property\access\internal
org.hibernate.persister.internal;35;25;4;0;0;0;4;18;8,75;1,94;;C:\workspace\java\hibernate-orm\hibernate-core\src\main\java\org\hibernate\persister\internal
org.hibernate.loader.plan.build.spi;34;63;5;0;9;0;14;59;2,43;0,58;;C:\workspace\java\hibernate-orm\hibernate-core\src\main\java\org\hibernate\loader\plan\build\spi
org.hibernate.bytecode.enhance.internal.tracker;33;41;5;0;1;0;6;29;5,5;1,14;;C:\workspace\java\hibernate-orm\hibernate-core\src\main\java\org\hibernate\bytecode\enhance\internal\tracker
org.hibernate.boot.registry.selector.internal;33;114;2;0;0;0;2;22;16,5;1,5;;C:\workspace\java\hibernate-orm\hibernate-core\src\main\java\org\hibernate\boot\registry\selector\internal
org.hibernate.tool.enhance;33;24;1;0;0;0;1;14;33,0;2,36;;C:\workspace\java\hibernate-orm\hibernate-core\src\main\java\org\hibernate\tool\enhance
org.hibernate.boot.model;32;85;5;0;5;1;11;61;2,91;0,52;;C:\workspace\java\hibernate-orm\hibernate-core\src\main\java\org\hibernate\boot\model
org.hibernate.envers.strategy.internal;32;45;2;0;0;0;2;21;16,0;1,52;;C:\workspace\java\hibernate-orm\hibernate-envers\src\main\java\org\hibernate\envers\strategy\internal
org.hibernate.proxy.pojo.bytebuddy;32;45;4;0;0;0;4;25;8,0;1,28;;C:\workspace\java\hibernate-orm\hibernate-core\src\main\java\org\hibernate\proxy\pojo\bytebuddy
org.hibernate.type.spi;31;45;2;0;1;0;3;26;10,33;1,19;;C:\workspace\java\hibernate-orm\hibernate-core\src\main\java\org\hibernate\type\spi
org.hibernate.envers.internal.reader;31;93;3;0;1;0;4;37;7,75;0,84;;C:\workspace\java\hibernate-orm\hibernate-envers\src\main\java\org\hibernate\envers\internal\reader
org.hibernate.loader.plan.build.internal.returns;31;166;18;7;0;0;25;129;1,24;0,24;;C:\workspace\java\hibernate-orm\hibernate-core\src\main\java\org\hibernate\loader\plan\build\internal\returns
org.hibernate.spatial.dialect.oracle.criterion;30;58;4;1;1;1;7;49;4,29;0,61;;C:\workspace\java\hibernate-orm\hibernate-spatial\src\main\java\org\hibernate\spatial\dialect\oracle\criterion
org.hibernate.boot.cfgxml.internal;30;46;6;0;0;0;6;28;5,0;1,07;;C:\workspace\java\hibernate-orm\hibernate-core\src\main\java\org\hibernate\boot\cfgxml\internal
org.hibernate.c3p0.internal;29;21;2;0;1;0;3;17;9,67;1,71;;C:\workspace\java\hibernate-orm\hibernate-c3p0\src\main\java\org\hibernate\c3p0\internal
org.hibernate.engine.jdbc.dialect.internal;29;26;5;0;0;0;5;18;5,8;1,61;;C:\workspace\java\hibernate-orm\hibernate-core\src\main\java\org\hibernate\engine\jdbc\dialect\internal
org.hibernate.boot;28;92;7;0;4;3;14;178;2,0;0,16;;C:\workspace\java\hibernate-orm\hibernate-core\src\main\java\org\hibernate\boot
org.hibernate.jpamodelgen.util.xml;27;36;4;0;0;0;4;20;6,75;1,35;;C:\workspace\java\hibernate-orm\tooling\metamodel-generator\src\main\java\org\hibernate\jpamodelgen\util\xml
org.hibernate.boot.model.process.spi;27;26;2;0;1;0;3;22;9,0;1,23;;C:\workspace\java\hibernate-orm\hibernate-core\src\main\java\org\hibernate\boot\model\process\spi
org.hibernate.result.internal;27;51;5;0;0;0;5;33;5,4;0,82;;C:\workspace\java\hibernate-orm\hibernate-core\src\main\java\org\hibernate\result\internal
org.hibernate.orm.tooling.gradle;26;13;2;0;0;0;2;8;13,0;3,25;;C:\workspace\java\hibernate-orm\tooling\hibernate-gradle-plugin\src\main\groovy\org\hibernate\orm\tooling\gradle
org.hibernate.boot.registry.internal;26;47;2;0;0;0;2;25;13,0;1,04;;C:\workspace\java\hibernate-orm\hibernate-core\src\main\java\org\hibernate\boot\registry\internal
org.hibernate.envers.internal.entities.mapper.relation.lazy.initializor;26;44;6;1;1;0;8;21;3,25;1,24;;C:\workspace\java\hibernate-orm\hibernate-envers\src\main\java\org\hibernate\envers\internal\entities\mapper\relation\lazy\initializor
org.hibernate.exception.spi;25;13;1;2;5;0;8;14;3,12;1,79;;C:\workspace\java\hibernate-orm\hibernate-core\src\main\java\org\hibernate\exception\spi
org.hibernate.envers.boot.internal;24;63;6;0;1;0;7;41;3,43;0,59;;C:\workspace\java\hibernate-orm\hibernate-envers\src\main\java\org\hibernate\envers\boot\internal
org.hibernate.proxool.internal;24;20;2;0;1;0;3;22;8,0;1,09;;C:\workspace\java\hibernate-orm\hibernate-proxool\src\main\java\org\hibernate\proxool\internal
org.hibernate.cache.jcache.internal;24;52;4;0;0;0;4;36;6,0;0,67;;C:\workspace\java\hibernate-orm\hibernate-jcache\src\main\java\org\hibernate\cache\jcache\internal
org.hibernate.loader.plan.exec.query.internal;23;41;2;0;0;0;2;19;11,5;1,21;;C:\workspace\java\hibernate-orm\hibernate-core\src\main\java\org\hibernate\loader\plan\exec\query\internal
org.hibernate.boot.archive.scan.spi;23;28;5;1;8;1;15;36;1,53;0,64;;C:\workspace\java\hibernate-orm\hibernate-core\src\main\java\org\hibernate\boot\archive\scan\spi
org.hibernate.internal.util.type;22;40;9;0;1;0;10;31;2,2;0,71;;C:\workspace\java\hibernate-orm\hibernate-core\src\main\java\org\hibernate\internal\util\type
org.hibernate.boot.model.source.spi;22;66;5;1;77;8;91;299;0,24;0,07;;C:\workspace\java\hibernate-orm\hibernate-core\src\main\java\org\hibernate\boot\model\source\spi
org.hibernate.query.criteria.internal.expression.function;21;105;22;0;1;0;23;76;0,91;0,28;;C:\workspace\java\hibernate-orm\hibernate-core\src\main\java\org\hibernate\query\criteria\internal\expression\function
org.hibernate.boot.archive.scan.internal;21;53;9;0;0;0;9;34;2,33;0,62;;C:\workspace\java\hibernate-orm\hibernate-core\src\main\java\org\hibernate\boot\archive\scan\internal
org.hibernate.hql.spi.id.local;20;26;5;0;0;1;6;19;3,33;1,05;;C:\workspace\java\hibernate-orm\hibernate-core\src\main\java\org\hibernate\hql\spi\id\local
org.hibernate.engine.jdbc.env.spi;20;271;2;0;6;3;11;60;1,82;0,33;;C:\workspace\java\hibernate-orm\hibernate-core\src\main\java\org\hibernate\engine\jdbc\env\spi
org.hibernate.boot.xsd;20;27;4;0;0;0;4;21;5,0;0,95;;C:\workspace\java\hibernate-orm\hibernate-core\src\main\java\org\hibernate\boot\xsd
org.hibernate.engine.jdbc.connections.spi;20;25;1;2;3;0;6;34;3,33;0,59;;C:\workspace\java\hibernate-orm\hibernate-core\src\main\java\org\hibernate\engine\jdbc\connections\spi
org.hibernate.internal.util.io;19;21;2;0;0;0;2;11;9,5;1,73;;C:\workspace\java\hibernate-orm\hibernate-core\src\main\java\org\hibernate\internal\util\io
org.hibernate.resource.transaction.internal;19;15;2;0;0;0;2;8;9,5;2,38;;C:\workspace\java\hibernate-orm\hibernate-core\src\main\java\org\hibernate\resource\transaction\internal
org.hibernate.proxy.pojo;19;12;0;1;0;0;1;5;19,0;3,8;;C:\workspace\java\hibernate-orm\hibernate-core\src\main\java\org\hibernate\proxy\pojo
org.hibernate.bytecode.spi;19;16;4;0;8;0;12;33;1,58;0,58;;C:\workspace\java\hibernate-orm\hibernate-core\src\main\java\org\hibernate\bytecode\spi
org.hibernate.spatial.dialect.postgis;18;176;13;0;0;0;13;95;1,38;0,19;;C:\workspace\java\hibernate-orm\hibernate-spatial\src\main\java\org\hibernate\spatial\dialect\postgis
org.hibernate.tool.schema.spi;18;31;8;0;18;0;26;61;0,69;0,3;;C:\workspace\java\hibernate-orm\hibernate-core\src\main\java\org\hibernate\tool\schema\spi
org.hibernate.boot.jaxb.hbm.internal;18;38;10;0;0;0;10;27;1,8;0,67;;C:\workspace\java\hibernate-orm\hibernate-core\src\main\java\org\hibernate\boot\jaxb\hbm\internal
org.hibernate.jdbc;18;34;7;2;4;0;13;31;1,38;0,58;;C:\workspace\java\hibernate-orm\hibernate-core\src\main\java\org\hibernate\jdbc
org.hibernate.jpa.internal;18;67;7;0;0;0;7;41;2,57;0,44;;C:\workspace\java\hibernate-orm\hibernate-core\src\main\java\org\hibernate\jpa\internal
org.hibernate.engine.profile;17;21;3;0;0;1;4;17;4,25;1,0;;C:\workspace\java\hibernate-orm\hibernate-core\src\main\java\org\hibernate\engine\profile
org.hibernate.jpa;17;47;3;0;4;0;7;26;2,43;0,65;;C:\workspace\java\hibernate-orm\hibernate-core\src\main\java\org\hibernate\jpa
org.hibernate.spatial;17;33;5;0;6;1;12;28;1,42;0,61;;C:\workspace\java\hibernate-orm\hibernate-spatial\src\main\java\org\hibernate\spatial
org.hibernate.resource.beans.spi;17;15;2;0;3;0;5;16;3,4;1,06;;C:\workspace\java\hibernate-orm\hibernate-core\src\main\java\org\hibernate\resource\beans\spi
org.hibernate.resource.beans.internal;16;24;4;0;1;0;5;21;3,2;0,76;;C:\workspace\java\hibernate-orm\hibernate-core\src\main\java\org\hibernate\resource\beans\internal
org.hibernate.spatial.dialect.h2geodb;16;51;3;0;0;0;3;19;5,33;0,84;;C:\workspace\java\hibernate-orm\hibernate-spatial\src\main\java\org\hibernate\spatial\dialect\h2geodb
org.hibernate.spatial.dialect.sqlserver;16;79;6;0;0;0;6;39;2,67;0,41;;C:\workspace\java\hibernate-orm\hibernate-spatial\src\main\java\org\hibernate\spatial\dialect\sqlserver
org.hibernate.hikaricp.internal;15;20;3;0;0;0;3;11;5,0;1,36;;C:\workspace\java\hibernate-orm\hibernate-hikaricp\src\main\java\org\hibernate\hikaricp\internal
org.hibernate.envers.internal.entities.mapper.relation.query;15;104;6;1;1;0;8;34;1,88;0,44;;C:\workspace\java\hibernate-orm\hibernate-envers\src\main\java\org\hibernate\envers\internal\entities\mapper\relation\query
org.hibernate.engine.jdbc.dialect.spi;14;18;4;0;4;0;8;23;1,75;0,61;;C:\workspace\java\hibernate-orm\hibernate-core\src\main\java\org\hibernate\engine\jdbc\dialect\spi
org.hibernate.metamodel.model.domain;14;17;1;0;11;0;12;19;1,17;0,74;;C:\workspace\java\hibernate-orm\hibernate-core\src\main\java\org\hibernate\metamodel\model\domain
org.hibernate.dialect.unique;14;22;4;0;1;0;5;19;2,8;0,74;;C:\workspace\java\hibernate-orm\hibernate-core\src\main\java\org\hibernate\dialect\unique
org.hibernate.vibur.internal;13;18;2;0;0;0;2;10;6,5;1,3;;C:\workspace\java\hibernate-orm\hibernate-vibur\src\main\java\org\hibernate\vibur\internal
org.hibernate.cache.cfg.internal;13;50;5;1;0;0;6;31;2,17;0,42;;C:\workspace\java\hibernate-orm\hibernate-core\src\main\java\org\hibernate\cache\cfg\internal
org.hibernate.envers;13;27;3;0;4;3;10;38;1,3;0,34;;C:\workspace\java\hibernate-orm\hibernate-envers\src\main\java\org\hibernate\envers
org.hibernate.spatial.dialect.mysql;13;115;9;0;0;0;9;56;1,44;0,23;;C:\workspace\java\hibernate-orm\hibernate-spatial\src\main\java\org\hibernate\spatial\dialect\mysql
org.hibernate.spatial.dialect.db2;12;68;3;0;0;0;3;24;4,0;0,5;;C:\workspace\java\hibernate-orm\hibernate-spatial\src\main\java\org\hibernate\spatial\dialect\db2
org.hibernate.envers.query.criteria;12;78;6;0;2;2;10;65;1,2;0,18;;C:\workspace\java\hibernate-orm\hibernate-envers\src\main\java\org\hibernate\envers\query\criteria
org.hibernate.secure.internal;12;31;9;1;2;0;12;27;1,0;0,44;;C:\workspace\java\hibernate-orm\hibernate-core\src\main\java\org\hibernate\secure\internal
org.hibernate.boot.registry;12;69;2;0;3;0;5;41;2,4;0,29;;C:\workspace\java\hibernate-orm\hibernate-core\src\main\java\org\hibernate\boot\registry
org.hibernate.envers.enhanced;12;33;5;0;0;0;5;23;2,4;0,52;;C:\workspace\java\hibernate-orm\hibernate-envers\src\main\java\org\hibernate\envers\enhanced
org.hibernate.engine.config.internal;11;14;2;0;0;0;2;9;5,5;1,22;;C:\workspace\java\hibernate-orm\hibernate-core\src\main\java\org\hibernate\engine\config\internal
org.hibernate.envers.internal.entities.mapper.relation.component;11;37;8;0;1;0;9;40;1,22;0,28;;C:\workspace\java\hibernate-orm\hibernate-envers\src\main\java\org\hibernate\envers\internal\entities\mapper\relation\component
org.hibernate.internal.util.jndi;11;3;1;0;0;0;1;4;11,0;2,75;;C:\workspace\java\hibernate-orm\hibernate-core\src\main\java\org\hibernate\internal\util\jndi
org.hibernate.envers.internal.tools.graph;10;25;3;0;1;0;4;16;2,5;0,62;;C:\workspace\java\hibernate-orm\hibernate-envers\src\main\java\org\hibernate\envers\internal\tools\graph
org.hibernate.spatial.criterion;10;46;8;0;0;0;8;37;1,25;0,27;;C:\workspace\java\hibernate-orm\hibernate-spatial\src\main\java\org\hibernate\spatial\criterion
org.hibernate.secure.spi;9;26;4;0;2;1;7;21;1,29;0,43;;C:\workspace\java\hibernate-orm\hibernate-core\src\main\java\org\hibernate\secure\spi
org.hibernate.hql.spi.id.global;9;19;3;0;0;0;3;13;3,0;0,69;;C:\workspace\java\hibernate-orm\hibernate-core\src\main\java\org\hibernate\hql\spi\id\global
org.hibernate.agroal.internal;9;14;2;0;0;0;2;10;4,5;0,9;;C:\workspace\java\hibernate-orm\hibernate-agroal\src\main\java\org\hibernate\agroal\internal
org.hibernate.graph.internal.parse;9;21;1;0;1;1;3;10;3,0;0,9;;C:\workspace\java\hibernate-orm\hibernate-core\src\main\java\org\hibernate\graph\internal\parse
org.hibernate.graph.spi;9;33;1;0;6;0;7;65;1,29;0,14;;C:\workspace\java\hibernate-orm\hibernate-core\src\main\java\org\hibernate\graph\spi
org.hibernate.envers.internal.revisioninfo;9;32;5;0;1;0;6;18;1,5;0,5;;C:\workspace\java\hibernate-orm\hibernate-envers\src\main\java\org\hibernate\envers\internal\revisioninfo
org.hibernate.boot.model.source.internal;9;66;2;0;1;0;3;29;3,0;0,31;;C:\workspace\java\hibernate-orm\hibernate-core\src\main\java\org\hibernate\boot\model\source\internal
org.hibernate.loader.collection.plan;9;35;4;3;0;0;7;23;1,29;0,39;;C:\workspace\java\hibernate-orm\hibernate-core\src\main\java\org\hibernate\loader\collection\plan
org.hibernate.internal.util.beans;9;11;2;0;2;0;4;11;2,25;0,82;;C:\workspace\java\hibernate-orm\hibernate-core\src\main\java\org\hibernate\internal\util\beans
org.hibernate.id.factory.internal;8;26;2;0;0;0;2;9;4,0;0,89;;C:\workspace\java\hibernate-orm\hibernate-core\src\main\java\org\hibernate\id\factory\internal
org.hibernate.envers.tools;8;13;1;0;0;0;1;6;8,0;1,33;;C:\workspace\java\hibernate-orm\hibernate-envers\src\main\java\org\hibernate\envers\tools
org.hibernate.hql.spi.id.persistent;8;40;6;0;0;0;6;28;1,33;0,29;;C:\workspace\java\hibernate-orm\hibernate-core\src\main\java\org\hibernate\hql\spi\id\persistent
org.hibernate.resource.beans.container.spi;8;23;1;1;7;0;9;26;0,89;0,31;;C:\workspace\java\hibernate-orm\hibernate-core\src\main\java\org\hibernate\resource\beans\container\spi
org.hibernate.type.descriptor.converter;8;23;3;0;0;0;3;14;2,67;0,57;;C:\workspace\java\hibernate-orm\hibernate-core\src\main\java\org\hibernate\type\descriptor\converter
org.hibernate.type.descriptor.java.spi;7;7;2;0;0;0;2;5;3,5;1,4;;C:\workspace\java\hibernate-orm\hibernate-core\src\main\java\org\hibernate\type\descriptor\java\spi
org.hibernate.cache.spi.entry;7;45;7;0;2;0;9;39;0,78;0,18;;C:\workspace\java\hibernate-orm\hibernate-core\src\main\java\org\hibernate\cache\spi\entry
org.hibernate.type.descriptor;7;8;1;0;4;0;5;15;1,4;0,47;;C:\workspace\java\hibernate-orm\hibernate-core\src\main\java\org\hibernate\type\descriptor
org.hibernate.jpa.boot.spi;6;20;2;0;5;0;7;40;0,86;0,15;;C:\workspace\java\hibernate-orm\hibernate-core\src\main\java\org\hibernate\jpa\boot\spi
org.hibernate.dialect.identity;6;84;23;0;1;0;24;86;0,25;0,07;;C:\workspace\java\hibernate-orm\hibernate-core\src\main\java\org\hibernate\dialect\identity
org.hibernate.boot.spi;6;396;4;6;22;0;32;528;0,19;0,01;;C:\workspace\java\hibernate-orm\hibernate-core\src\main\java\org\hibernate\boot\spi
org.hibernate.boot.archive.spi;6;17;1;2;7;0;10;28;0,6;0,21;;C:\workspace\java\hibernate-orm\hibernate-core\src\main\java\org\hibernate\boot\archive\spi
org.hibernate.metamodel.model.domain.spi;6;26;1;0;17;0;18;70;0,33;0,09;;C:\workspace\java\hibernate-orm\hibernate-core\src\main\java\org\hibernate\metamodel\model\domain\spi
org.hibernate.engine.transaction.internal.jta;6;12;1;0;0;0;1;13;6,0;0,46;;C:\workspace\java\hibernate-orm\hibernate-core\src\main\java\org\hibernate\engine\transaction\internal\jta
org.hibernate.resource.transaction.backend.jta.internal.synchronization;5;22;3;0;5;0;8;24;0,62;0,21;;C:\workspace\java\hibernate-orm\hibernate-core\src\main\java\org\hibernate\resource\transaction\backend\jta\internal\synchronization
org.hibernate.boot.jaxb;5;10;1;0;0;1;2;6;2,5;0,83;;C:\workspace\java\hibernate-orm\hibernate-core\src\main\java\org\hibernate\boot\jaxb
org.hibernate.internal.util.compare;5;6;3;0;0;0;3;4;1,67;1,25;;C:\workspace\java\hibernate-orm\hibernate-core\src\main\java\org\hibernate\internal\util\compare
org.hibernate.context.spi;5;5;0;1;2;0;3;7;1,67;0,71;;C:\workspace\java\hibernate-orm\hibernate-core\src\main\java\org\hibernate\context\spi
org.hibernate.proxy.map;5;28;4;0;0;0;4;26;1,25;0,19;;C:\workspace\java\hibernate-orm\hibernate-core\src\main\java\org\hibernate\proxy\map
org.hibernate.param;4;36;5;1;3;0;9;34;0,44;0,12;;C:\workspace\java\hibernate-orm\hibernate-core\src\main\java\org\hibernate\param
org.hibernate.id.uuid;4;30;4;0;0;0;4;21;1,0;0,19;;C:\workspace\java\hibernate-orm\hibernate-core\src\main\java\org\hibernate\id\uuid
org.hibernate.loader.internal;4;4;1;0;0;0;1;3;4,0;1,33;;C:\workspace\java\hibernate-orm\hibernate-core\src\main\java\org\hibernate\loader\internal
org.hibernate.resource.transaction.spi;4;7;0;0;8;1;9;45;0,44;0,09;;C:\workspace\java\hibernate-orm\hibernate-core\src\main\java\org\hibernate\resource\transaction\spi
org.hibernate.dialect.hint;3;1;1;0;1;0;2;2;1,5;1,5;;C:\workspace\java\hibernate-orm\hibernate-core\src\main\java\org\hibernate\dialect\hint
org.hibernate.type.internal;3;5;1;0;0;0;1;4;3,0;0,75;;C:\workspace\java\hibernate-orm\hibernate-core\src\main\java\org\hibernate\type\internal
org.hibernate.envers.internal.entities.mapper.relation.lazy.proxy;3;143;5;1;0;0;6;82;0,5;0,04;;C:\workspace\java\hibernate-orm\hibernate-envers\src\main\java\org\hibernate\envers\internal\entities\mapper\relation\lazy\proxy
org.hibernate.service.spi;3;21;2;0;17;0;19;41;0,16;0,07;;C:\workspace\java\hibernate-orm\hibernate-core\src\main\java\org\hibernate\service\spi
org.hibernate.id.insert;3;11;2;2;2;0;6;18;0,5;0,17;;C:\workspace\java\hibernate-orm\hibernate-core\src\main\java\org\hibernate\id\insert
org.hibernate.integrator.internal;2;8;1;0;0;0;1;3;2,0;0,67;;C:\workspace\java\hibernate-orm\hibernate-core\src\main\java\org\hibernate\integrator\internal
org.hibernate.bytecode.enhance.spi;2;29;4;0;7;0;11;49;0,18;0,04;;C:\workspace\java\hibernate-orm\hibernate-core\src\main\java\org\hibernate\bytecode\enhance\spi
org.hibernate.envers.query.projection.internal;2;11;2;0;0;0;2;6;1,0;0,33;;C:\workspace\java\hibernate-orm\hibernate-envers\src\main\java\org\hibernate\envers\query\projection\internal
org.hibernate.metamodel.model.convert.internal;2;42;4;0;0;0;4;32;0,5;0,06;;C:\workspace\java\hibernate-orm\hibernate-core\src\main\java\org\hibernate\metamodel\model\convert\internal
org.hibernate.query;1;93;0;0;6;1;7;218;0,14;0,0;;C:\workspace\java\hibernate-orm\hibernate-core\src\main\java\org\hibernate\query
org.hibernate.tool.schema.extract.spi;1;14;2;1;12;0;15;73;0,07;0,01;;C:\workspace\java\hibernate-orm\hibernate-core\src\main\java\org\hibernate\tool\schema\extract\spi
org.hibernate.envers.query.order;1;6;1;0;1;0;2;5;0,5;0,2;;C:\workspace\java\hibernate-orm\hibernate-envers\src\main\java\org\hibernate\envers\query\order
org.hibernate.envers.query.projection;1;8;1;0;1;0;2;7;0,5;0,14;;C:\workspace\java\hibernate-orm\hibernate-envers\src\main\java\org\hibernate\envers\query\projection
org.hibernate.jpa.internal.enhance;1;2;1;0;0;0;1;2;1,0;0,5;;C:\workspace\java\hibernate-orm\hibernate-core\src\main\java\org\hibernate\jpa\internal\enhance
org.hibernate.envers.query;1;56;2;0;2;0;4;64;0,25;0,02;;C:\workspace\java\hibernate-orm\hibernate-envers\src\main\java\org\hibernate\envers\query
org.hibernate.service;1;39;4;0;2;0;6;12;0,17;0,08;;C:\workspace\java\hibernate-orm\hibernate-core\src\main\java\org\hibernate\service
org.hibernate.engine;1;11;2;0;1;3;6;9;0,17;0,11;;C:\workspace\java\hibernate-orm\hibernate-core\src\main\java\org\hibernate\engine
org.hibernate.collection.spi;1;2;0;0;1;0;1;48;1,0;0,02;;C:\workspace\java\hibernate-orm\hibernate-core\src\main\java\org\hibernate\collection\spi
org.hibernate.boot.jaxb.hbm.spi;0;10;0;2;13;0;15;78;0,0;0,0;;C:\workspace\java\hibernate-orm\hibernate-core\src\main\java\org\hibernate\boot\jaxb\hbm\spi
org.hibernate.envers.strategy;0;2;2;0;1;0;3;2;0,0;0,0;;C:\workspace\java\hibernate-orm\hibernate-envers\src\main\java\org\hibernate\envers\strategy
org.hibernate.envers.strategy.spi;0;6;1;0;1;0;2;10;0,0;0,0;;C:\workspace\java\hibernate-orm\hibernate-envers\src\main\java\org\hibernate\envers\strategy\spi
org.hibernate.envers.query.order.internal;0;4;1;0;0;0;1;2;0,0;0,0;;C:\workspace\java\hibernate-orm\hibernate-envers\src\main\java\org\hibernate\envers\query\order\internal
org.hibernate.metamodel;0;0;0;0;0;0;0;0;0,0;0,0;;C:\workspace\java\hibernate-orm\hibernate-core\src\main\java\org\hibernate\metamodel
org.hibernate.metadata;0;4;0;0;2;0;2;41;0,0;0,0;;C:\workspace\java\hibernate-orm\hibernate-core\src\main\java\org\hibernate\metadata
org.hibernate.result;0;2;1;0;4;0;5;9;0,0;0,0;;C:\workspace\java\hibernate-orm\hibernate-core\src\main\java\org\hibernate\result
org.hibernate.cache.jcache;0;1;1;0;1;1;3;1;0,0;0,0;;C:\workspace\java\hibernate-orm\hibernate-jcache\src\main\java\org\hibernate\cache\jcache
org.hibernate.envers.query.internal.property;0;10;6;0;1;0;7;11;0,0;0,0;;C:\workspace\java\hibernate-orm\hibernate-envers\src\main\java\org\hibernate\envers\query\internal\property
org.hibernate.boot.jaxb.spi;0;6;1;1;1;0;3;8;0,0;0,0;;C:\workspace\java\hibernate-orm\hibernate-core\src\main\java\org\hibernate\boot\jaxb\spi
org.hibernate.boot.model.convert;0;0;0;0;0;0;0;0;0,0;0,0;;C:\workspace\java\hibernate-orm\hibernate-core\src\main\java\org\hibernate\boot\model\convert
org.hibernate.metamodel.model.convert;0;0;0;0;0;0;0;0;0,0;0,0;;C:\workspace\java\hibernate-orm\hibernate-core\src\main\java\org\hibernate\metamodel\model\convert
org.hibernate.boot.model.convert.spi;0;0;0;0;4;0;4;13;0,0;0,0;;C:\workspace\java\hibernate-orm\hibernate-core\src\main\java\org\hibernate\boot\model\convert\spi
org.hibernate.boot.model.process;0;0;0;0;0;0;0;0;0,0;0,0;;C:\workspace\java\hibernate-orm\hibernate-core\src\main\java\org\hibernate\boot\model\process
org.hibernate.metamodel.model.convert.spi;0;0;0;0;3;0;3;11;0,0;0,0;;C:\workspace\java\hibernate-orm\hibernate-core\src\main\java\org\hibernate\metamodel\model\convert\spi
org.hibernate.metamodel.spi;0;2;0;0;1;0;1;24;0,0;0,0;;C:\workspace\java\hibernate-orm\hibernate-core\src\main\java\org\hibernate\metamodel\spi
org.hibernate.hql.spi;0;2;0;0;7;0;7;34;0,0;0,0;;C:\workspace\java\hibernate-orm\hibernate-core\src\main\java\org\hibernate\hql\spi
org.hibernate.lob;0;2;1;0;0;0;1;2;0,0;0,0;;C:\workspace\java\hibernate-orm\hibernate-core\src\main\java\org\hibernate\lob
org.jboss.as.jpa.hibernate5.service;0;4;3;0;0;0;3;3;0,0;0,0;;C:\workspace\java\hibernate-orm\hibernate-jipijapa\src\main\java\org\jboss\as\jpa\hibernate5\service
org.hibernate.loader.spi;0;0;0;0;1;0;1;1;0,0;0,0;;C:\workspace\java\hibernate-orm\hibernate-core\src\main\java\org\hibernate\loader\spi
org.hibernate.internal.build;0;0;0;0;0;0;0;0;0,0;0,0;;C:\workspace\java\hibernate-orm\hibernate-core\src\main\java\org\hibernate\internal\build
org.hibernate.jpa.event;0;0;0;0;0;0;0;0;0,0;0,0;;C:\workspace\java\hibernate-orm\hibernate-core\src\main\java\org\hibernate\jpa\event
org.hibernate.jmx.spi;0;0;0;0;1;0;1;2;0,0;0,0;;C:\workspace\java\hibernate-orm\hibernate-core\src\main\java\org\hibernate\jmx\spi
org.hibernate.jpamodelgen.model;0;0;0;0;5;0;5;18;0,0;0,0;;C:\workspace\java\hibernate-orm\tooling\metamodel-generator\src\main\java\org\hibernate\jpamodelgen\model
org.hibernate.action.spi;0;0;0;0;3;0;3;8;0,0;0,0;;C:\workspace\java\hibernate-orm\hibernate-core\src\main\java\org\hibernate\action\spi
org.hibernate.annotations;0;0;1;0;0;15;16;1;0,0;0,0;;C:\workspace\java\hibernate-orm\hibernate-core\src\main\java\org\hibernate\annotations
org.hibernate.jpa.event.spi;0;0;0;0;5;1;6;19;0,0;0,0;;C:\workspace\java\hibernate-orm\hibernate-core\src\main\java\org\hibernate\jpa\event\spi
org.hibernate.jpa.event.spi.jpa;0;1;0;0;2;0;2;2;0,0;0,0;;C:\workspace\java\hibernate-orm\hibernate-core\src\main\java\org\hibernate\jpa\event\spi\jpa
org.hibernate.spatial.jts;0;8;1;0;0;0;1;3;0,0;0,0;;C:\workspace\java\hibernate-orm\hibernate-spatial\src\main\java\org\hibernate\spatial\jts
org.hibernate.spatial.integration;0;4;2;0;0;0;2;3;0,0;0,0;;C:\workspace\java\hibernate-orm\hibernate-spatial\src\main\java\org\hibernate\spatial\integration
org.hibernate.internal.log;0;0;0;0;5;0;5;39;0,0;0,0;;C:\workspace\java\hibernate-orm\hibernate-core\src\main\java\org\hibernate\internal\log
org.hibernate.integrator.spi;0;0;0;0;3;0;3;4;0,0;0,0;;C:\workspace\java\hibernate-orm\hibernate-core\src\main\java\org\hibernate\integrator\spi
org.hibernate.loader.plan.spi;0;3;1;0;26;2;29;60;0,0;0,0;;C:\workspace\java\hibernate-orm\hibernate-core\src\main\java\org\hibernate\loader\plan\spi
org.hibernate.id.factory.spi;0;0;0;0;1;0;1;1;0,0;0,0;;C:\workspace\java\hibernate-orm\hibernate-core\src\main\java\org\hibernate\id\factory\spi
org.hibernate.loader.plan.exec;0;0;0;0;0;0;0;0;0,0;0,0;;C:\workspace\java\hibernate-orm\hibernate-core\src\main\java\org\hibernate\loader\plan\exec
org.hibernate.loader.plan.exec.process;0;0;0;0;0;0;0;0;0,0;0,0;;C:\workspace\java\hibernate-orm\hibernate-core\src\main\java\org\hibernate\loader\plan\exec\process
org.hibernate.spatial.dialect;0;3;0;1;0;0;1;3;0,0;0,0;;C:\workspace\java\hibernate-orm\hibernate-spatial\src\main\java\org\hibernate\spatial\dialect
org.hibernate.id.factory;0;0;0;0;1;0;1;4;0,0;0,0;;C:\workspace\java\hibernate-orm\hibernate-core\src\main\java\org\hibernate\id\factory
org.hibernate.loader.plan.exec.process.spi;0;0;0;0;10;0;10;45;0,0;0,0;;C:\workspace\java\hibernate-orm\hibernate-core\src\main\java\org\hibernate\loader\plan\exec\process\spi
org.hibernate.loader.plan.exec.query;0;0;0;0;0;0;0;0;0,0;0,0;;C:\workspace\java\hibernate-orm\hibernate-core\src\main\java\org\hibernate\loader\plan\exec\query
org.hibernate.loader.plan.exec.query.spi;0;0;0;0;2;0;2;5;0,0;0,0;;C:\workspace\java\hibernate-orm\hibernate-core\src\main\java\org\hibernate\loader\plan\exec\query\spi
org.hibernate.exception;0;17;7;0;0;0;7;15;0,0;0,0;;C:\workspace\java\hibernate-orm\hibernate-core\src\main\java\org\hibernate\exception
org.hibernate.loader.plan.exec.spi;0;0;0;0;5;0;5;12;0,0;0,0;;C:\workspace\java\hibernate-orm\hibernate-core\src\main\java\org\hibernate\loader\plan\exec\spi
org.hibernate.persister.spi;0;2;1;0;4;0;5;10;0,0;0,0;;C:\workspace\java\hibernate-orm\hibernate-core\src\main\java\org\hibernate\persister\spi
org.hibernate.engine.transaction.spi;0;0;0;0;4;1;5;10;0,0;0,0;;C:\workspace\java\hibernate-orm\hibernate-core\src\main\java\org\hibernate\engine\transaction\spi
org.hibernate.event.service.spi;0;2;1;0;5;1;7;28;0,0;0,0;;C:\workspace\java\hibernate-orm\hibernate-core\src\main\java\org\hibernate\event\service\spi
org.hibernate.procedure;0;10;5;0;5;0;10;38;0,0;0,0;;C:\workspace\java\hibernate-orm\hibernate-core\src\main\java\org\hibernate\procedure
org.hibernate.cache;0;4;2;0;1;0;3;4;0,0;0,0;;C:\workspace\java\hibernate-orm\hibernate-core\src\main\java\org\hibernate\cache
org.hibernate.cache.cfg;0;0;0;0;0;0;0;0;0,0;0,0;;C:\workspace\java\hibernate-orm\hibernate-core\src\main\java\org\hibernate\cache\cfg
org.hibernate.resource.beans;0;0;0;0;0;0;0;0;0,0;0,0;;C:\workspace\java\hibernate-orm\hibernate-core\src\main\java\org\hibernate\resource\beans
org.hibernate.cache.cfg.spi;0;0;0;0;6;0;6;14;0,0;0,0;;C:\workspace\java\hibernate-orm\hibernate-core\src\main\java\org\hibernate\cache\cfg\spi
org.hibernate.cache.spi.access;0;1;1;0;5;1;7;29;0,0;0,0;;C:\workspace\java\hibernate-orm\hibernate-core\src\main\java\org\hibernate\cache\spi\access
org.hibernate.resource.beans.container;0;0;0;0;0;0;0;0;0,0;0,0;;C:\workspace\java\hibernate-orm\hibernate-core\src\main\java\org\hibernate\resource\beans\container
org.hibernate.engine.config.spi;0;0;1;0;2;0;3;7;0,0;0,0;;C:\workspace\java\hibernate-orm\hibernate-core\src\main\java\org\hibernate\engine\config\spi
org.hibernate.classic;0;0;0;0;1;0;1;4;0,0;0,0;;C:\workspace\java\hibernate-orm\hibernate-core\src\main\java\org\hibernate\classic
org.hibernate.tool.schema.extract;0;0;0;0;0;0;0;0;0,0;0,0;;C:\workspace\java\hibernate-orm\hibernate-core\src\main\java\org\hibernate\tool\schema\extract
org.hibernate.tool.schema;0;0;0;0;0;4;4;0;0,0;0,0;;C:\workspace\java\hibernate-orm\hibernate-core\src\main\java\org\hibernate\tool\schema
org.hibernate.tool.instrument.javassist;0;1;1;0;0;0;1;1;0,0;0,0;;C:\workspace\java\hibernate-orm\hibernate-core\src\main\java\org\hibernate\tool\instrument\javassist
org.hibernate.context;0;2;1;0;0;0;1;2;0,0;0,0;;C:\workspace\java\hibernate-orm\hibernate-core\src\main\java\org\hibernate\context
org.hibernate.resource.jdbc;0;0;0;0;2;0;2;17;0,0;0,0;;C:\workspace\java\hibernate-orm\hibernate-core\src\main\java\org\hibernate\resource\jdbc
org.hibernate.stat.spi;0;0;0;0;2;0;2;38;0,0;0,0;;C:\workspace\java\hibernate-orm\hibernate-core\src\main\java\org\hibernate\stat\spi
org.hibernate.resource.jdbc.spi;0;0;0;0;6;1;7;42;0,0;0,0;;C:\workspace\java\hibernate-orm\hibernate-core\src\main\java\org\hibernate\resource\jdbc\spi
org.hibernate.stat;0;7;0;0;10;0;10;113;0,0;0,0;;C:\workspace\java\hibernate-orm\hibernate-core\src\main\java\org\hibernate\stat
org.hibernate.resource.transaction;0;5;3;0;0;0;3;5;0,0;0,0;;C:\workspace\java\hibernate-orm\hibernate-core\src\main\java\org\hibernate\resource\transaction
org.hibernate.sql.ast;0;0;0;0;0;1;1;0;0,0;0,0;;C:\workspace\java\hibernate-orm\hibernate-core\src\main\java\org\hibernate\sql\ast
org.hibernate.resource.transaction.backend.jdbc;0;0;0;0;0;0;0;0;0,0;0,0;;C:\workspace\java\hibernate-orm\hibernate-core\src\main\java\org\hibernate\resource\transaction\backend\jdbc
org.hibernate.engine.config;0;0;0;0;0;0;0;0;0,0;0,0;;C:\workspace\java\hibernate-orm\hibernate-core\src\main\java\org\hibernate\engine\config
org.hibernate.ejb;0;0;0;0;4;0;4;0;0,0;0,0;;C:\workspace\java\hibernate-orm\hibernate-core\src\main\java\org\hibernate\ejb
org.hibernate.resource.transaction.backend.jdbc.spi;0;0;0;0;2;0;2;5;0,0;0,0;;C:\workspace\java\hibernate-orm\hibernate-core\src\main\java\org\hibernate\resource\transaction\backend\jdbc\spi
org.hibernate.secure;0;0;0;0;0;0;0;0;0,0;0,0;;C:\workspace\java\hibernate-orm\hibernate-core\src\main\java\org\hibernate\secure
org.hibernate.engine.jdbc.batch.spi;0;0;0;0;4;0;4;11;0,0;0,0;;C:\workspace\java\hibernate-orm\hibernate-core\src\main\java\org\hibernate\engine\jdbc\batch\spi
org.hibernate.query.procedure.spi;0;0;0;0;2;0;2;0;0,0;0,0;;C:\workspace\java\hibernate-orm\hibernate-core\src\main\java\org\hibernate\query\procedure\spi
org.hibernate.query.procedure;0;0;0;0;2;0;2;3;0,0;0,0;;C:\workspace\java\hibernate-orm\hibernate-core\src\main\java\org\hibernate\query\procedure
org.hibernate.engine.query;0;2;1;0;0;0;1;2;0,0;0,0;;C:\workspace\java\hibernate-orm\hibernate-core\src\main\java\org\hibernate\engine\query
org.hibernate.envers.internal.entities.mapper.relation.lazy;0;10;1;1;0;0;2;5;0,0;0,0;;C:\workspace\java\hibernate-orm\hibernate-envers\src\main\java\org\hibernate\envers\internal\entities\mapper\relation\lazy
org.hibernate.result.spi;0;0;0;0;1;0;1;5;0,0;0,0;;C:\workspace\java\hibernate-orm\hibernate-core\src\main\java\org\hibernate\result\spi
org.hibernate.procedure.spi;0;4;0;0;3;1;4;23;0,0;0,0;;C:\workspace\java\hibernate-orm\hibernate-core\src\main\java\org\hibernate\procedure\spi
org.hibernate.boot.registry.classloading.spi;0;2;1;0;2;0;3;10;0,0;0,0;;C:\workspace\java\hibernate-orm\hibernate-core\src\main\java\org\hibernate\boot\registry\classloading\spi
org.hibernate.engine.transaction.jta.platform.spi;0;2;1;0;3;0;4;10;0,0;0,0;;C:\workspace\java\hibernate-orm\hibernate-core\src\main\java\org\hibernate\engine\transaction\jta\platform\spi
org.hibernate.boot.registry.selector;0;7;1;0;2;0;3;9;0,0;0,0;;C:\workspace\java\hibernate-orm\hibernate-core\src\main\java\org\hibernate\boot\registry\selector
org.hibernate.envers.internal;0;4;1;0;1;0;2;5;0,0;0,0;;C:\workspace\java\hibernate-orm\hibernate-envers\src\main\java\org\hibernate\envers\internal
org.hibernate.envers.exception;0;14;3;0;0;0;3;9;0,0;0,0;;C:\workspace\java\hibernate-orm\hibernate-envers\src\main\java\org\hibernate\envers\exception
org.hibernate.boot.registry.selector.spi;0;2;1;0;2;0;3;12;0,0;0,0;;C:\workspace\java\hibernate-orm\hibernate-core\src\main\java\org\hibernate\boot\registry\selector\spi
org.hibernate.engine.query.internal;0;3;1;0;0;0;1;3;0,0;0,0;;C:\workspace\java\hibernate-orm\hibernate-core\src\main\java\org\hibernate\engine\query\internal
org.hibernate.bytecode;0;0;0;0;1;0;1;0;0,0;0,0;;C:\workspace\java\hibernate-orm\hibernate-core\src\main\java\org\hibernate\bytecode
org.hibernate.engine.jdbc.cursor.spi;0;0;0;0;1;0;1;4;0,0;0,0;;C:\workspace\java\hibernate-orm\hibernate-core\src\main\java\org\hibernate\engine\jdbc\cursor\spi
org.hibernate.envers.configuration;0;0;0;0;1;0;1;0;0,0;0,0;;C:\workspace\java\hibernate-orm\hibernate-envers\src\main\java\org\hibernate\envers\configuration
org.hibernate.query.criteria;0;0;0;0;1;1;2;4;0,0;0,0;;C:\workspace\java\hibernate-orm\hibernate-core\src\main\java\org\hibernate\query\criteria
org.hibernate.engine.jndi.spi;0;0;0;0;1;0;1;4;0,0;0,0;;C:\workspace\java\hibernate-orm\hibernate-core\src\main\java\org\hibernate\engine\jndi\spi
org.hibernate.bytecode.enhance.internal;0;0;0;0;0;0;0;0;0,0;0,0;;C:\workspace\java\hibernate-orm\hibernate-core\src\main\java\org\hibernate\bytecode\enhance\internal
org.hibernate.cache.ehcache;0;0;0;0;1;1;2;0;0,0;0,0;;C:\workspace\java\hibernate-orm\hibernate-ehcache\src\main\java\org\hibernate\cache\ehcache
org.hibernate.usertype;0;0;0;0;10;0;10;48;0,0;0,0;;C:\workspace\java\hibernate-orm\hibernate-core\src\main\java\org\hibernate\usertype
org.hibernate.engine.jndi;0;2;2;0;0;0;2;2;0,0;0,0;;C:\workspace\java\hibernate-orm\hibernate-core\src\main\java\org\hibernate\engine\jndi
org.hibernate.type.descriptor.sql.spi;0;4;1;0;0;0;1;3;0,0;0,0;;C:\workspace\java\hibernate-orm\hibernate-core\src\main\java\org\hibernate\type\descriptor\sql\spi
org.hibernate.bytecode.internal.none;0;9;4;0;0;0;4;9;0,0;0,0;;C:\workspace\java\hibernate-orm\hibernate-core\src\main\java\org\hibernate\bytecode\internal\none
org.hibernate.type.descriptor.spi;0;4;0;0;1;0;1;5;0,0;0,0;;C:\workspace\java\hibernate-orm\hibernate-core\src\main\java\org\hibernate\type\descriptor\spi
org.hibernate.userguide.model;0;55;9;0;0;2;11;53;0,0;0,0;;C:\workspace\java\hibernate-orm\documentation\src\main\java\org\hibernate\userguide\model
